Workbook

Sheet foodpanda_orders
A1: Sl No | B1: Restaurant Names | C1: Date | D1: Time | E1: Day | F1: Month | G1: Year | H1: Service Status (Pick-up/Delivery) | I1: Order ID | J1: Price | K1: Items Line 1 | L1: Item Line 2 | M1: Item Line 3 | N1: Item Count | O1: Primary Item | P1: Cuisine | Q1: Ratings
A2: 1 | B2: ZAFRAN RESTORA & KABAB | C2: 46154 | D2: 0.84583333 | E2: Tue | F2: May | G2: 2026 | H2: Pick-up | I2: Order #xykb-2620-q1j9 | J2: 567 | K2: 1x Grilled Chicken, | L2: 1x Grilled Chicken | M2: - | N2: {=SUMPRODUCT(--(TRIM(K2:M2)<>"-")*(TRIM(K2:M2)<>"")*(ISTEXT(K2:M2)))} -> 2 | O2: Grilled Chicken | P2: {=IFERROR(INDEX('Cuisine Mapping'!$B$2:$B$71, MATCH(TRUE, ISNUMBER(SEARCH('Cuisine Mapping'!$A$2:$A$71,foodpanda_orders!$O2)),0)),"Others")} -> Kabab/Grill | Q2: 3
A3: 2 | B3: RICE AND NOODLE | C3: 46152 | D3: 0.94513889 | E3: Sun | F3: May | G3: 2026 | H3: Delivery | I3: Order #s6hq-2619-bp07 | J3: 834 | K3: 1x Ekushe Platter | L3: - | M3: - | N3: {=SUMPRODUCT(--(TRIM(K3:M3)<>"-")*(TRIM(K3:M3)<>"")*(ISTEXT(K3:M3)))} -> 1 | O3: Ekushe Platter | P3: {=IFERROR(INDEX('Cuisine Mapping'!$B$2:$B$71, MATCH(TRUE, ISNUMBER(SEARCH('Cuisine Mapping'!$A$2:$A$71,foodpanda_orders!$O3)),0)),"Others")} -> Others | Q3: 0
A4: 3 | B4: ZAFRAN RESTORA & KABAB | C4: 46148 | D4: 0.95625 | E4: Wed | F4: May | G4: 2026 | H4: Cancelled | I4: Order #xykb-2619-lnvq | J4: 270 | K4: 1x Grilled Chicken, | L4: 1x Grilled Chicken, | M4: 2x Plain Naan | N4: {=SUMPRODUCT(--(TRIM(K4:M4)<>"-")*(TRIM(K4:M4)<>"")*(ISTEXT(K4:M4)))} -> 3 | O4: Grilled Chicken | P4: {=IFERROR(INDEX('Cuisine Mapping'!$B$2:$B$71, MATCH(TRUE, ISNUMBER(SEARCH('Cuisine Mapping'!$A$2:$A$71,foodpanda_orders!$O4)),0)),"Others")} -> Kabab/Grill | Q4: 0
A5: 4 | B5: DREAM BURGER | C5: 46148 | D5: 0.025694444 | E5: Wed | F5: May | G5: 2026 | H5: Delivery | I5: Order #ge20-2619-3sma | J5: 307 | K5: 1x Chicken Cheese Burger, | L5: 1x French Fries | M5: - | N5: {=SUMPRODUCT(--(TRIM(K5:M5)<>"-")*(TRIM(K5:M5)<>"")*(ISTEXT(K5:M5)))} -> 2 | O5: Chicken Cheese Burger | P5: {=IFERROR(INDEX('Cuisine Mapping'!$B$2:$B$71, MATCH(TRUE, ISNUMBER(SEARCH('Cuisine Mapping'!$A$2:$A$71,foodpanda_orders!$O5)),0)),"Others")} -> American/Fast Food | Q5: 0
A6: 5 | B6: TWELVE30 CAFE | C6: 46148 | D6: 0.018055556 | E6: Wed | F6: May | G6: 2026 | H6: Cancelled | I6: Cancelled on Wed, May 6, 12:26 AM | J6: 372 | K6: 1x Twelve 30 Special Burger | L6: 1x Twelve 30 Special Burger | M6: - | N6: {=SUMPRODUCT(--(TRIM(K6:M6)<>"-")*(TRIM(K6:M6)<>"")*(ISTEXT(K6:M6)))} -> 2 | O6: Twelve 30 Special Burger | P6: {=IFERROR(INDEX('Cuisine Mapping'!$B$2:$B$71, MATCH(TRUE, ISNUMBER(SEARCH('Cuisine Mapping'!$A$2:$A$71,foodpanda_orders!$O6)),0)),"Others")} -> American/Fast Food | Q6: 0
A7: 6 | B7: BURGER XPRESS | C7: 46143 | D7: 0.93125 | E7: Fri | F7: May | G7: 2026 | H7: Delivery | I7: Order #dpzp-2618-00ku | J7: 345 | K7: 1x Chicken & Bacon House Burger | L7: - | M7: - | N7: {=SUMPRODUCT(--(TRIM(K7:M7)<>"-")*(TRIM(K7:M7)<>"")*(ISTEXT(K7:M7)))} -> 1 | O7: Chicken & Bacon House Burger | P7: {=IFERROR(INDEX('Cuisine Mapping'!$B$2:$B$71, MATCH(TRUE, ISNUMBER(SEARCH('Cuisine Mapping'!$A$2:$A$71,foodpanda_orders!$O7)),0)),"Others")} -> American/Fast Food | Q7: 0
A8: 7 | B8: TEHARI GHAR + | C8: 46143 | D8: 0.86666667 | E8: Fri | F8: May | G8: 2026 | H8: Delivery | I8: Order #rl1p-2618-c1e1 | J8: 303 | K8: 1x Beef Tehari | L8: - | M8: - | N8: {=SUMPRODUCT(--(TRIM(K8:M8)<>"-")*(TRIM(K8:M8)<>"")*(ISTEXT(K8:M8)))} -> 1 | O8: Beef Tehari | P8: {=IFERROR(INDEX('Cuisine Mapping'!$B$2:$B$71, MATCH(TRUE, ISNUMBER(SEARCH('Cuisine Mapping'!$A$2:$A$71,foodpanda_orders!$O8)),0)),"Others")} -> Bengali/Desi | Q8: 0
A9: 8 | B9: CRISP | C9: 46139 | D9: 0.94166667 | E9: Mon | F9: April | G9: 2026 | H9: Delivery | I9: Order #sxmo-2618-rhzn | J9: 558 | K9: 2x Hot and Lemony Chicken Rice Bowl | L9: - | M9: - | N9: {=SUMPRODUCT(--(TRIM(K9:M9)<>"-")*(TRIM(K9:M9)<>"")*(ISTEXT(K9:M9)))} -> 1 | O9: Hot and Lemony Chicken Rice Bowl | P9: {=IFERROR(INDEX('Cuisine Mapping'!$B$2:$B$71, MATCH(TRUE, ISNUMBER(SEARCH('Cuisine Mapping'!$A$2:$A$71,foodpanda_orders!$O9)),0)),"Others")} -> Rice Bowls | Q9: 0
A10: 9 | B10: BURGER XPRESS | C10: 46136 | D10: 0.91319444 | E10: Fri | F10: April | G10: 2026 | H10: Delivery | I10: Order #dpzp-2617-95j4 | J10: 360 | K10: 1x Chicken Pops, | L10: 1x Mexican Hot & Spicy Nachos | M10: - | N10: {=SUMPRODUCT(--(TRIM(K10:M10)<>"-")*(TRIM(K10:M10)<>"")*(ISTEXT(K10:M10)))} -> 2 | O10: Chicken Pops | P10: American/Fast Food | Q10: 0
A11: 10 | B11: BURGER XPRESS | C11: 46129 | D11: 0.94583333 | E11: Fri | F11: April | G11: 2026 | H11: Delivery | I11: Order #dpzp-2616-8ka3 | J11: 320 | K11: 1x Beef Caramel Mushroom Thrill Burger | L11: - | M11: - | N11: {=SUMPRODUCT(--(TRIM(K11:M11)<>"-")*(TRIM(K11:M11)<>"")*(ISTEXT(K11:M11)))} -> 1 | O11: Beef Caramel Mushroom Thrill Burger | P11: {=IFERROR(INDEX('Cuisine Mapping'!$B$2:$B$71, MATCH(TRUE, ISNUMBER(SEARCH('Cuisine Mapping'!$A$2:$A$71,foodpanda_orders!$O11)),0)),"Others")} -> American/Fast Food | Q11: 0
A12: 11 | B12: BURGER XPRESS | C12: 46129 | D12: 0.94305556 | E12: Fri | F12: April | G12: 2026 | H12: Delivery | I12: Order #dpzp-2616-o5a3 | J12: 329 | K12: 1x Beef & Bacon House Burger | L12: - | M12: - | N12: {=SUMPRODUCT(--(TRIM(K12:M12)<>"-")*(TRIM(K12:M12)<>"")*(ISTEXT(K12:M12)))} -> 1 | O12: Beef & Bacon House Burger | P12: {=IFERROR(INDEX('Cuisine Mapping'!$B$2:$B$71, MATCH(TRUE, ISNUMBER(SEARCH('Cuisine Mapping'!$A$2:$A$71,foodpanda_orders!$O12)),0)),"Others")} -> American/Fast Food | Q12: 0
A13: 12 | B13: TEHARI DEWAANA | C13: 46128 | D13: 0.68541667 | E13: Thu | F13: April | G13: 2026 | H13: Delivery | I13: Order #oo81-2616-anwk | J13: 255 | K13: 1x Polao with Chicken Angara | L13: - | M13: - | N13: {=SUMPRODUCT(--(TRIM(K13:M13)<>"-")*(TRIM(K13:M13)<>"")*(ISTEXT(K13:M13)))} -> 1 | O13: Polao with Chicken Angara | P13: {=IFERROR(INDEX('Cuisine Mapping'!$B$2:$B$71, MATCH(TRUE, ISNUMBER(SEARCH('Cuisine Mapping'!$A$2:$A$71,foodpanda_orders!$O13)),0)),"Others")} -> Bengali/Desi | Q13: 0
A14: 13 | B14: KABAB XPRESS | C14: 46125 | D14: 0.76597222 | E14: Mon | F14: April | G14: 2026 | H14: Delivery | I14: Order #nqh7-2616-792w | J14: 250 | K14: 1x Beef Butter Masala | L14: - | M14: - | N14: {=SUMPRODUCT(--(TRIM(K14:M14)<>"-")*(TRIM(K14:M14)<>"")*(ISTEXT(K14:M14)))} -> 1 | O14: Beef Butter Masala | P14: {=IFERROR(INDEX('Cuisine Mapping'!$B$2:$B$71, MATCH(TRUE, ISNUMBER(SEARCH('Cuisine Mapping'!$A$2:$A$71,foodpanda_orders!$O14)),0)),"Others")} -> Bengali/Desi | Q14: 1
A15: 14 | B15: MADCHEF | C15: 46123 | D15: 0.81597222 | E15: Sat | F15: April | G15: 2026 | H15: Delivery | I15: Order #s9vx-2615-8lmf | J15: 850 | K15: 1x Signature Beef, | L15: 1x Signature Chicken, | M15: 1x Paneer Sticks | N15: {=SUMPRODUCT(--(TRIM(K15:M15)<>"-")*(TRIM(K15:M15)<>"")*(ISTEXT(K15:M15)))} -> 3 | O15: Signature Beef | P15: American/Fast Food | Q15: 4
A16: 15 | B16: DIP FRY AND STEAK | C16: 46116 | D16: 0.67361111 | E16: Sat | F16: April | G16: 2026 | H16: Delivery | I16: Order #maw2-2614-9q2q | J16: 296 | K16: 1x Parmilcious Fried Chicken | L16: - | M16: - | N16: {=SUMPRODUCT(--(TRIM(K16:M16)<>"-")*(TRIM(K16:M16)<>"")*(ISTEXT(K16:M16)))} -> 1 | O16: Parmilcious Fried Chicken | P16: American/Fast Food | Q16: 3
A17: 16 | B17: DIBBLES | C17: 46112 | D17: 0.86041667 | E17: Tue | F17: March | G17: 2026 | H17: Delivery | I17: Order #oid3-2614-4f3z | J17: 479 | K17: 1x Nashville Hot Dirty Fries, | L17: 1x OG Dirty Fries | M17: - | N17: {=SUMPRODUCT(--(TRIM(K17:M17)<>"-")*(TRIM(K17:M17)<>"")*(ISTEXT(K17:M17)))} -> 2 | O17: Nashville Hot Dirty Fries | P17: {=IFERROR(INDEX('Cuisine Mapping'!$B$2:$B$71, MATCH(TRUE, ISNUMBER(SEARCH('Cuisine Mapping'!$A$2:$A$71,foodpanda_orders!$O17)),0)),"Others")} -> American/Fast Food | Q17: 0
A18: 17 | B18: ZAFRAN RESTORA & KABAB | C18: 46110 | D18: 0.75138889 | E18: Sun | F18: March | G18: 2026 | H18: Delivery | I18: Order #xykb-2613-zw5u | J18: 174 | K18: 1x Grilled Chicken, | L18: 3x Plain Naan | M18: - | N18: {=SUMPRODUCT(--(TRIM(K18:M18)<>"-")*(TRIM(K18:M18)<>"")*(ISTEXT(K18:M18)))} -> 2 | O18: Grilled Chicken | P18: {=IFERROR(INDEX('Cuisine Mapping'!$B$2:$B$71, MATCH(TRUE, ISNUMBER(SEARCH('Cuisine Mapping'!$A$2:$A$71,foodpanda_orders!$O18)),0)),"Others")} -> Kabab/Grill | Q18: 0
A19: 18 | B19: CHILLOX | C19: 46110 | D19: 0 | E19: Sun | F19: March | G19: 2026 | H19: Delivery | I19: Order #s3ac-2613-0vu5 | J19: 363 | K19: 1x Crispy Chicken Burger, | L19: 1x Fish Tots | M19: - | N19: {=SUMPRODUCT(--(TRIM(K19:M19)<>"-")*(TRIM(K19:M19)<>"")*(ISTEXT(K19:M19)))} -> 2 | O19: Crispy Chicken Burger | P19: {=IFERROR(INDEX('Cuisine Mapping'!$B$2:$B$71, MATCH(TRUE, ISNUMBER(SEARCH('Cuisine Mapping'!$A$2:$A$71,foodpanda_orders!$O19)),0)),"Others")} -> American/Fast Food | Q19: 0
A20: 19 | B20: UNCLE BOBO'S | C20: 46108 | D20: 0.047916667 | E20: Fri | F20: March | G20: 2026 | H20: Delivery | I20: Order #yxgi-2613-yngh | J20: 277 | K20: 1x XXL Fried Chicken - Smokey Lime, | L20: 1x Fried Rice, | M20: 1x Coleslaw | N20: {=SUMPRODUCT(--(TRIM(K20:M20)<>"-")*(TRIM(K20:M20)<>"")*(ISTEXT(K20:M20)))} -> 3 | O20: XXL Fried Chicken - Smokey Lime | P20: American/Fast Food | Q20: 2
A21: 20 | B21: MADCHEF | C21: 46105 | D21: 0.85972222 | E21: Tue | F21: March | G21: 2026 | H21: Delivery | I21: Order #s9vx-2613-aw3z | J21: 548 | K21: 1x Signature Chicken, | L21: 1x Bomb Fries | M21: - | N21: {=SUMPRODUCT(--(TRIM(K21:M21)<>"-")*(TRIM(K21:M21)<>"")*(ISTEXT(K21:M21)))} -> 2 | O21: Signature Chicken | P21: American/Fast Food | Q21: 0
A22: 21 | B22: CHEEZ | C22: 46102 | D22: 0.85138889 | E22: Sat | F22: March | G22: 2026 | H22: Delivery | I22: Order #s6ka-2612-dqvm | J22: 1855 | K22: 1x Bestseller Combo | L22: - | M22: - | N22: {=SUMPRODUCT(--(TRIM(K22:M22)<>"-")*(TRIM(K22:M22)<>"")*(ISTEXT(K22:M22)))} -> 1 | O22: Bestseller Combo | P22: {=IFERROR(INDEX('Cuisine Mapping'!$B$2:$B$71, MATCH(TRUE, ISNUMBER(SEARCH('Cuisine Mapping'!$A$2:$A$71,foodpanda_orders!$O22)),0)),"Others")} -> Others | Q22: 0
A23: 22 | B23: DIP FRY AND STEAK | C23: 46101 | D23: 0.022222222 | E23: Fri | F23: March | G23: 2026 | H23: Delivery | I23: Order #maw2-2612-r97a | J23: 326 | K23: 1x Classic Crispy Chicken Burger | L23: - | M23: - | N23: {=SUMPRODUCT(--(TRIM(K23:M23)<>"-")*(TRIM(K23:M23)<>"")*(ISTEXT(K23:M23)))} -> 1 | O23: Classic Crispy Chicken Burger | P23: {=IFERROR(INDEX('Cuisine Mapping'!$B$2:$B$71, MATCH(TRUE, ISNUMBER(SEARCH('Cuisine Mapping'!$A$2:$A$71,foodpanda_orders!$O23)),0)),"Others")} -> American/Fast Food | Q23: 0
A24: 23 | B24: SMASHED BURGERS | C24: 46099 | D24: 0.66111111 | E24: Wed | F24: March | G24: 2026 | H24: Delivery | I24: Order #ds3b-2612-ecel | J24: 486 | K24: 1x Honeyfire Chicken, | L24: 1x Parmesan Fries | M24: - | N24: {=SUMPRODUCT(--(TRIM(K24:M24)<>"-")*(TRIM(K24:M24)<>"")*(ISTEXT(K24:M24)))} -> 2 | O24: Honeyfire Chicken | P24: American/Fast Food | Q24: 0
A25: 24 | B25: MADCHEF | C25: 46096 | D25: 0.033333333 | E25: Sun | F25: March | G25: 2026 | H25: Delivery | I25: Order #s9vx-2611-va7x | J25: 496 | K25: 1x Bomb Fries, | L25: 1x OG Cheez Fries | M25: - | N25: {=SUMPRODUCT(--(TRIM(K25:M25)<>"-")*(TRIM(K25:M25)<>"")*(ISTEXT(K25:M25)))} -> 2 | O25: Bomb Fries | P25: {=IFERROR(INDEX('Cuisine Mapping'!$B$2:$B$71, MATCH(TRUE, ISNUMBER(SEARCH('Cuisine Mapping'!$A$2:$A$71,foodpanda_orders!$O25)),0)),"Others")} -> American/Fast Food | Q25: 0
A26: 25 | B26: CAFE CINO | C26: 46093 | D26: 0.91736111 | E26: Thu | F26: March | G26: 2026 | H26: Delivery | I26: Order #scgo-2611-s99d | J26: 728 | K26: 2x Chicken Cashewnut Salad | L26: - | M26: - | N26: {=SUMPRODUCT(--(TRIM(K26:M26)<>"-")*(TRIM(K26:M26)<>"")*(ISTEXT(K26:M26)))} -> 1 | O26: Chicken Cashewnut Salad | P26: {=IFERROR(INDEX('Cuisine Mapping'!$B$2:$B$71, MATCH(TRUE, ISNUMBER(SEARCH('Cuisine Mapping'!$A$2:$A$71,foodpanda_orders!$O26)),0)),"Others")} -> Salads/Light | Q26: 0
A27: 26 | B27: DONERCI FLAMING DONER | C27: 46091 | D27: 0.75069444 | E27: Tue | F27: March | G27: 2026 | H27: Delivery | I27: Order #tjf4-2611-r24g | J27: 1376 | K27: 1x Meaty Mighty Box - 1 | L27: - | M27: - | N27: {=SUMPRODUCT(--(TRIM(K27:M27)<>"-")*(TRIM(K27:M27)<>"")*(ISTEXT(K27:M27)))} -> 1 | O27: Meaty Mighty Box - 1 | P27: American/Fast Food | Q27: 0
A28: 27 | B28: DEKCHI | C28: 46085 | D28: 0.95694444 | E28: Wed | F28: March | G28: 2026 | H28: Delivery | I28: Order #quzt-2610-5kx1 | J28: 448 | K28: 1x Shahi Morog Polao, | L28: 1x Nawabi Crumb Roast | M28: - | N28: {=SUMPRODUCT(--(TRIM(K28:M28)<>"-")*(TRIM(K28:M28)<>"")*(ISTEXT(K28:M28)))} -> 2 | O28: Shahi Morog Polao | P28: {=IFERROR(INDEX('Cuisine Mapping'!$B$2:$B$71, MATCH(TRUE, ISNUMBER(SEARCH('Cuisine Mapping'!$A$2:$A$71,foodpanda_orders!$O28)),0)),"Others")} -> Bengali/Desi | Q28: 0
A29: 28 | B29: BURGER XPRESS | C29: 46084 | D29: 0.99791667 | E29: Tue | F29: March | G29: 2026 | H29: Delivery | I29: Order #dpzp-2610-nbbi | J29: 329 | K29: 1x Peri Peri French Fries, | L29: 1x Double Decker Chicken Burger | M29: - | N29: {=SUMPRODUCT(--(TRIM(K29:M29)<>"-")*(TRIM(K29:M29)<>"")*(ISTEXT(K29:M29)))} -> 2 | O29: Peri Peri French Fries | P29: {=IFERROR(INDEX('Cuisine Mapping'!$B$2:$B$71, MATCH(TRUE, ISNUMBER(SEARCH('Cuisine Mapping'!$A$2:$A$71,foodpanda_orders!$O29)),0)),"Others")} -> American/Fast Food | Q29: 0
A30: 29 | B30: PROTEIN CORNER | C30: 46078 | D30: 0.93680556 | E30: Wed | F30: February | G30: 2026 | H30: Delivery | I30: Order #oqd6-2609-jlcp | J30: 359 | K30: 1x Cashewnut Salad | L30: - | M30: - | N30: {=SUMPRODUCT(--(TRIM(K30:M30)<>"-")*(TRIM(K30:M30)<>"")*(ISTEXT(K30:M30)))} -> 1 | O30: Cashewnut Salad | P30: {=IFERROR(INDEX('Cuisine Mapping'!$B$2:$B$71, MATCH(TRUE, ISNUMBER(SEARCH('Cuisine Mapping'!$A$2:$A$71,foodpanda_orders!$O30)),0)),"Others")} -> Salads/Light | Q30: 0
A31: 30 | B31: CHEEZ | C31: 46073 | D31: 0.98055556 | E31: Fri | F31: February | G31: 2026 | H31: Delivery | I31: Order #s6ka-2608-eq70 | J31: 537 | K31: 1x Cheezy Garlic Bread, | L31: 1x Spicy Sausage Garlic | M31: - | N31: {=SUMPRODUCT(--(TRIM(K31:M31)<>"-")*(TRIM(K31:M31)<>"")*(ISTEXT(K31:M31)))} -> 2 | O31: Cheezy Garlic Bread | P31: Italian/Pizza | Q31: 0
A32: 31 | B32: DEKCHI | C32: 46063 | D32: 0.90416667 | E32: Tue | F32: February | G32: 2026 | H32: Delivery | I32: Order #quzt-2607-xcvm | J32: 668 | K32: 2x Biye Bari Khana | L32: - | M32: - | N32: {=SUMPRODUCT(--(TRIM(K32:M32)<>"-")*(TRIM(K32:M32)<>"")*(ISTEXT(K32:M32)))} -> 1 | O32: Biye Bari Khana | P32: {=IFERROR(INDEX('Cuisine Mapping'!$B$2:$B$71, MATCH(TRUE, ISNUMBER(SEARCH('Cuisine Mapping'!$A$2:$A$71,foodpanda_orders!$O32)),0)),"Others")} -> Bengali/Desi | Q32: 0
A33: 32 | B33: HAMZA BIRIYANI | C33: 46056 | D33: 0.925 | E33: Tue | F33: February | G33: 2026 | H33: Delivery | I33: Order #ikbd-2606-muhi | J33: 406 | K33: 2x Morog Polao | L33: - | M33: - | N33: {=SUMPRODUCT(--(TRIM(K33:M33)<>"-")*(TRIM(K33:M33)<>"")*(ISTEXT(K33:M33)))} -> 1 | O33: Morog Polao | P33: {=IFERROR(INDEX('Cuisine Mapping'!$B$2:$B$71, MATCH(TRUE, ISNUMBER(SEARCH('Cuisine Mapping'!$A$2:$A$71,foodpanda_orders!$O33)),0)),"Others")} -> Bengali/Desi | Q33: 0
A34: 33 | B34: DEKCHI | C34: 46052 | D34: 0.91527778 | E34: Fri | F34: January | G34: 2026 | H34: Delivery | I34: Order #quzt-2605-wfcm | J34: 376 | K34: 1x Classic Chicken Biryani, | L34: 1x Shahi Jorda | M34: - | N34: {=SUMPRODUCT(--(TRIM(K34:M34)<>"-")*(TRIM(K34:M34)<>"")*(ISTEXT(K34:M34)))} -> 2 | O34: Classic Chicken Biryani | P34: Bengali/Desi | Q34: 0
A35: 34 | B35: PAGLA BABURCHI | C35: 46052 | D35: 0.91527778 | E35: Fri | F35: January | G35: 2026 | H35: Delivery | I35: Order #ml4c-2605-go58 | J35: 491 | K35: 1x Mad Kacchi, | L35: 1x Chicken Tikka Jali Kebab | M35: - | N35: {=SUMPRODUCT(--(TRIM(K35:M35)<>"-")*(TRIM(K35:M35)<>"")*(ISTEXT(K35:M35)))} -> 2 | O35: Mad Kacchi | P35: {=IFERROR(INDEX('Cuisine Mapping'!$B$2:$B$71, MATCH(TRUE, ISNUMBER(SEARCH('Cuisine Mapping'!$A$2:$A$71,foodpanda_orders!$O35)),0)),"Others")} -> Bengali/Desi | Q35: 0
A36: 35 | B36: CHILLOX | C36: 46049 | D36: 0.975 | E36: Tue | F36: January | G36: 2026 | H36: Delivery | I36: Order #s3ac-2605-kv1c | J36: 490 | K36: 1x Double Decker Chicken Burger, | L36: 1x Fried Chicken | M36: - | N36: {=SUMPRODUCT(--(TRIM(K36:M36)<>"-")*(TRIM(K36:M36)<>"")*(ISTEXT(K36:M36)))} -> 2 | O36: Double Decker Chicken Burger | P36: {=IFERROR(INDEX('Cuisine Mapping'!$B$2:$B$71, MATCH(TRUE, ISNUMBER(SEARCH('Cuisine Mapping'!$A$2:$A$71,foodpanda_orders!$O36)),0)),"Others")} -> American/Fast Food | Q36: 0
A37: 36 | B37: SMASHED BURGERS | C37: 46046 | D37: 0.63263889 | E37: Sat | F37: January | G37: 2026 | H37: Delivery | I37: Order #ds3b-2604-75k5 | J37: 497 | K37: 1x All American BBQ Bacon Beef Burger, | L37: 1x French Fries | M37: - | N37: {=SUMPRODUCT(--(TRIM(K37:M37)<>"-")*(TRIM(K37:M37)<>"")*(ISTEXT(K37:M37)))} -> 2 | O37: All American BBQ Bacon Beef Burger | P37: {=IFERROR(INDEX('Cuisine Mapping'!$B$2:$B$71, MATCH(TRUE, ISNUMBER(SEARCH('Cuisine Mapping'!$A$2:$A$71,foodpanda_orders!$O37)),0)),"Others")} -> American/Fast Food | Q37: 0
A38: 37 | B38: SMASHED BURGERS | C38: 46046 | D38: 0.63125 | E38: Sat | F38: January | G38: 2026 | H38: Delivery | I38: Order #ds3b-2604-nfv0 | J38: 529 | K38: 1x Mustard Drizzled Beef Burger, | L38: 1x French Fries | M38: - | N38: {=SUMPRODUCT(--(TRIM(K38:M38)<>"-")*(TRIM(K38:M38)<>"")*(ISTEXT(K38:M38)))} -> 2 | O38: Mustard Drizzled Beef Burger | P38: {=IFERROR(INDEX('Cuisine Mapping'!$B$2:$B$71, MATCH(TRUE, ISNUMBER(SEARCH('Cuisine Mapping'!$A$2:$A$71,foodpanda_orders!$O38)),0)),"Others")} -> American/Fast Food | Q38: 0
A39: 38 | B39: CRISP | C39: 46045 | D39: 0.00069444444 | E39: Fri | F39: January | G39: 2026 | H39: Delivery | I39: Order #sxmo-2604-f1pl | J39: 488 | K39: 1x Crispy Chicken Burger, | L39: 1x Crispy Chicken Popcorn | M39: - | N39: {=SUMPRODUCT(--(TRIM(K39:M39)<>"-")*(TRIM(K39:M39)<>"")*(ISTEXT(K39:M39)))} -> 2 | O39: Crispy Chicken Burger | P39: {=IFERROR(INDEX('Cuisine Mapping'!$B$2:$B$71, MATCH(TRUE, ISNUMBER(SEARCH('Cuisine Mapping'!$A$2:$A$71,foodpanda_orders!$O39)),0)),"Others")} -> American/Fast Food | Q39: 0
A40: 39 | B40: CITY RESTAURANT | C40: 46036 | D40: 0.53125 | E40: Wed | F40: January | G40: 2026 | H40: Delivery | I40: Order #rwgg-2603-xm8g | J40: 812 | K40: 1x Beef Lal Bhuna | L40: - | M40: - | N40: {=SUMPRODUCT(--(TRIM(K40:M40)<>"-")*(TRIM(K40:M40)<>"")*(ISTEXT(K40:M40)))} -> 1 | O40: Beef Lal Bhuna | P40: {=IFERROR(INDEX('Cuisine Mapping'!$B$2:$B$71, MATCH(TRUE, ISNUMBER(SEARCH('Cuisine Mapping'!$A$2:$A$71,foodpanda_orders!$O40)),0)),"Others")} -> Bengali/Desi | Q40: 0
A41: 40 | B41: ZAFRAN RESTORA & KABAB | C41: 46031 | D41: 0.91736111 | E41: Fri | F41: January | G41: 2026 | H41: Delivery | I41: Order #xykb-2602-v587 | J41: 540 | K41: 1x Grilled Chicken, | L41: 4x Butter Naan, | M41: 1x Shahi Special Parata | N41: {=SUMPRODUCT(--(TRIM(K41:M41)<>"-")*(TRIM(K41:M41)<>"")*(ISTEXT(K41:M41)))} -> 3 | O41: Grilled Chicken | P41: {=IFERROR(INDEX('Cuisine Mapping'!$B$2:$B$71, MATCH(TRUE, ISNUMBER(SEARCH('Cuisine Mapping'!$A$2:$A$71,foodpanda_orders!$O41)),0)),"Others")} -> Kabab/Grill | Q41: 0
A42: 41 | B42: PAGLA BABURCHI | C42: 46029 | D42: 0.59027778 | E42: Wed | F42: January | G42: 2026 | H42: Delivery | I42: Order #it4x-2602-ab40 | J42: 441 | K42: 1x Shorisha Beef Khichuri, | L42: 1x Chicken Tikka Jali Kebab | M42: - | N42: {=SUMPRODUCT(--(TRIM(K42:M42)<>"-")*(TRIM(K42:M42)<>"")*(ISTEXT(K42:M42)))} -> 2 | O42: Shorisha Beef Khichuri | P42: {=IFERROR(INDEX('Cuisine Mapping'!$B$2:$B$71, MATCH(TRUE, ISNUMBER(SEARCH('Cuisine Mapping'!$A$2:$A$71,foodpanda_orders!$O42)),0)),"Others")} -> Bengali/Desi | Q42: 0
A43: 42 | B43: RICE LAB | C43: 46026 | D43: 0.97986111 | E43: Sun | F43: January | G43: 2026 | H43: Delivery | I43: Order #fejm-2601-dles | J43: 887 | K43: 1x Honey Garlic Chicken Rice Bowl, | L43: 1x Chicken Katsu Fried Rice, | M43: 1x Egg Butter Fried Rice | N43: {=SUMPRODUCT(--(TRIM(K43:M43)<>"-")*(TRIM(K43:M43)<>"")*(ISTEXT(K43:M43)))} -> 3 | O43: Honey Garlic Chicken Rice Bowl | P43: {=IFERROR(INDEX('Cuisine Mapping'!$B$2:$B$71, MATCH(TRUE, ISNUMBER(SEARCH('Cuisine Mapping'!$A$2:$A$71,foodpanda_orders!$O43)),0)),"Others")} -> Rice Bowls | Q43: 0
A44: 43 | B44: BIG Q | C44: 46022 | D44: 0.89652778 | E44: Wed | F44: December | G44: 2025 | H44: Delivery | I44: Order #e2yz-2601-a7m0 | J44: 610 | K44: 1x Crispy Chicken Burger, | L44: 1x The Original Beef Burger | M44: - | N44: {=SUMPRODUCT(--(TRIM(K44:M44)<>"-")*(TRIM(K44:M44)<>"")*(ISTEXT(K44:M44)))} -> 2 | O44: Crispy Chicken Burger | P44: {=IFERROR(INDEX('Cuisine Mapping'!$B$2:$B$71, MATCH(TRUE, ISNUMBER(SEARCH('Cuisine Mapping'!$A$2:$A$71,foodpanda_orders!$O44)),0)),"Others")} -> American/Fast Food | Q44: 0
A45: 44 | B45: MR.MANIK FOODS | C45: 46015 | D45: 0.90555556 | E45: Wed | F45: December | G45: 2025 | H45: Delivery | I45: Order #s8sf-2552-laho | J45: 690 | K45: 1x Chicken Nachos, | L45: 1x Double Patty Black Star, | M45: 1x Hot & Crispy Burger | N45: {=SUMPRODUCT(--(TRIM(K45:M45)<>"-")*(TRIM(K45:M45)<>"")*(ISTEXT(K45:M45)))} -> 3 | O45: Chicken Nachos | P45: {=IFERROR(INDEX('Cuisine Mapping'!$B$2:$B$71, MATCH(TRUE, ISNUMBER(SEARCH('Cuisine Mapping'!$A$2:$A$71,foodpanda_orders!$O45)),0)),"Others")} -> American/Fast Food | Q45: 0
A46: 45 | B46: ZAFRAN RESTORA & KABAB | C46: 46004 | D46: 0.86944444 | E46: Sat | F46: December | G46: 2025 | H46: Delivery | I46: Order #xykb-2550-qsx0 | J46: 1249 | K46: 1x Grilled Chicken, | L46: 1x Grilled Chicken, | M46: 5x Plain Naan | N46: {=SUMPRODUCT(--(TRIM(K46:M46)<>"-")*(TRIM(K46:M46)<>"")*(ISTEXT(K46:M46)))} -> 3 | O46: Grilled Chicken | P46: {=IFERROR(INDEX('Cuisine Mapping'!$B$2:$B$71, MATCH(TRUE, ISNUMBER(SEARCH('Cuisine Mapping'!$A$2:$A$71,foodpanda_orders!$O46)),0)),"Others")} -> Kabab/Grill | Q46: 0
... A48: 47 | B48: KEBAB & CURRY | C48: 45997 | D48: 0.94166667 | E48: Sat | F48: December | G48: 2025 | H48: Delivery | I48: Order #dtop-2549-wcjz | J48: 416 | K48: 1x Lahori Beef Karahi | L48: - | M48: - | N48: {=SUMPRODUCT(--(TRIM(K48:M48)<>"-")*(TRIM(K48:M48)<>"")*(ISTEXT(K48:M48)))} -> 1 | O48: Lahori Beef Karahi | P48: {=IFERROR(INDEX('Cuisine Mapping'!$B$2:$B$71, MATCH(TRUE, ISNUMBER(SEARCH('Cuisine Mapping'!$A$2:$A$71,foodpanda_orders!$O48)),0)),"Others")} -> Bengali/Desi | Q48: 0
A49: 48 | B49: DIM SUM TOWN | C49: 45987 | D49: 0.91180556 | E49: Wed | F49: November | G49: 2025 | H49: Delivery | I49: Order #uluj-2548-3irt | J49: 1669 | K49: 1x Crab And Cream Cheese Rangoon, | L49: 1x Sriracha Chicken with Mushroom, | M49: 2x Corn Fried Rice | N49: {=SUMPRODUCT(--(TRIM(K49:M49)<>"-")*(TRIM(K49:M49)<>"")*(ISTEXT(K49:M49)))} -> 3 | O49: Crab And Cream Cheese Rangoon | P49: East Asian | Q49: 0
A50: 49 | B50: TOKYO KITCHEN | C50: 45977 | D50: 0.94375 | E50: Sun | F50: November | G50: 2025 | H50: Delivery | I50: Order #xta5-2546-vwis | J50: 658 | K50: 1x Chicken Fried Rice, | L50: 1x Chicken Nanban | M50: - | N50: {=SUMPRODUCT(--(TRIM(K50:M50)<>"-")*(TRIM(K50:M50)<>"")*(ISTEXT(K50:M50)))} -> 2 | O50: Chicken Fried Rice | P50: {=IFERROR(INDEX('Cuisine Mapping'!$B$2:$B$71, MATCH(TRUE, ISNUMBER(SEARCH('Cuisine Mapping'!$A$2:$A$71,foodpanda_orders!$O50)),0)),"Others")} -> Rice Bowls | Q50: 0
A51: 50 | B51: BURGER MANIA | C51: 45969 | D51: 0.85208333 | E51: Sat | F51: November | G51: 2025 | H51: Delivery | I51: Order #po31-2545-6l2e | J51: 578 | K51: 1x Chicken Cheesy Sub, | L51: 1x Beef Blast Burger | M51: - | N51: {=SUMPRODUCT(--(TRIM(K51:M51)<>"-")*(TRIM(K51:M51)<>"")*(ISTEXT(K51:M51)))} -> 2 | O51: Chicken Cheesy Sub | P51: {=IFERROR(INDEX('Cuisine Mapping'!$B$2:$B$71, MATCH(TRUE, ISNUMBER(SEARCH('Cuisine Mapping'!$A$2:$A$71,foodpanda_orders!$O51)),0)),"Others")} -> American/Fast Food | Q51: 0
A52: 51 | B52: BURGEROGRAPHY | C52: 45964 | D52: 0.93055556 | E52: Mon | F52: November | G52: 2025 | H52: Delivery | I52: Order #bymi-2545-yu4d | J52: 558 | K52: 2x Chicken Delight Burger | L52: - | M52: - | N52: {=SUMPRODUCT(--(TRIM(K52:M52)<>"-")*(TRIM(K52:M52)<>"")*(ISTEXT(K52:M52)))} -> 1 | O52: Chicken Delight Burger | P52: {=IFERROR(INDEX('Cuisine Mapping'!$B$2:$B$71, MATCH(TRUE, ISNUMBER(SEARCH('Cuisine Mapping'!$A$2:$A$71,foodpanda_orders!$O52)),0)),"Others")} -> American/Fast Food | Q52: 0
A53: 52 | B53: PIZZOLO CAFFE | C53: 45961 | D53: 0.92986111 | E53: Fri | F53: October | G53: 2025 | H53: Delivery | I53: Order #c376-2544-2gtd | J53: 1187 | K53: 1x Margherita, | L53: 1x Salsiccia Piccante | M53: - | N53: {=SUMPRODUCT(--(TRIM(K53:M53)<>"-")*(TRIM(K53:M53)<>"")*(ISTEXT(K53:M53)))} -> 2 | O53: Margherita | P53: {=IFERROR(INDEX('Cuisine Mapping'!$B$2:$B$71, MATCH(TRUE, ISNUMBER(SEARCH('Cuisine Mapping'!$A$2:$A$71,foodpanda_orders!$O53)),0)),"Others")} -> Italian/Pizza | Q53: 0
A54: 53 | B54: PANDAMART | C54: 45959 | D54: 0.55555556 | E54: Wed | F54: October | G54: 2025 | H54: Delivery | I54: Order #vbpl-2544-tim2 | J54: 493 | K54: 2x Coca Cola Zero Can 250ml, | L54: 1x Golden Harvest Chicken Meatball (400g) 35 Pieces | M54: - | N54: {=SUMPRODUCT(--(TRIM(K54:M54)<>"-")*(TRIM(K54:M54)<>"")*(ISTEXT(K54:M54)))} -> 2 | O54: Coca Cola Zero Can 250ml | P54: {=IFERROR(INDEX('Cuisine Mapping'!$B$2:$B$71, MATCH(TRUE, ISNUMBER(SEARCH('Cuisine Mapping'!$A$2:$A$71,foodpanda_orders!$O54)),0)),"Others")} -> Beverages | Q54: 0
A55: 54 | B55: PROTEIN CORNER | C55: 45956 | D55: 0.87916667 | E55: Sun | F55: October | G55: 2025 | H55: Delivery | I55: Order #oqd6-2543-8ggp | J55: 578 | K55: 1x Crispy Fries Big Bucket Fun 2 | L55: - | M55: - | N55: {=SUMPRODUCT(--(TRIM(K55:M55)<>"-")*(TRIM(K55:M55)<>"")*(ISTEXT(K55:M55)))} -> 1 | O55: Crispy Fries Big Bucket Fun 2 | P55: {=IFERROR(INDEX('Cuisine Mapping'!$B$2:$B$71, MATCH(TRUE, ISNUMBER(SEARCH('Cuisine Mapping'!$A$2:$A$71,foodpanda_orders!$O55)),0)),"Others")} -> American/Fast Food | Q55: 0
A56: 55 | B56: DONERCI FLAMING DONER | C56: 45950 | D56: 0.65972222 | E56: Mon | F56: October | G56: 2025 | H56: Pick-up | I56: Order #mgt1-2543-mvyd | J56: 306 | K56: 1x Chicken Doner | L56: - | M56: - | N56: {=SUMPRODUCT(--(TRIM(K56:M56)<>"-")*(TRIM(K56:M56)<>"")*(ISTEXT(K56:M56)))} -> 1 | O56: Chicken Doner | P56: {=IFERROR(INDEX('Cuisine Mapping'!$B$2:$B$71, MATCH(TRUE, ISNUMBER(SEARCH('Cuisine Mapping'!$A$2:$A$71,foodpanda_orders!$O56)),0)),"Others")} -> Middle Eastern | Q56: 0
A57: 56 | B57: AMERICAN BURGER | C57: 45950 | D57: 0.64652778 | E57: Mon | F57: October | G57: 2025 | H57: Cancelled | I57: Order #s3ma-2543-tp3j | J57: 293 | K57: 1x Double Chicken Burger | L57: 1x Double Chicken Burger | M57: - | N57: {=SUMPRODUCT(--(TRIM(K57:M57)<>"-")*(TRIM(K57:M57)<>"")*(ISTEXT(K57:M57)))} -> 2 | O57: Double Chicken Burger | P57: {=IFERROR(INDEX('Cuisine Mapping'!$B$2:$B$71, MATCH(TRUE, ISNUMBER(SEARCH('Cuisine Mapping'!$A$2:$A$71,foodpanda_orders!$O57)),0)),"Others")} -> American/Fast Food | Q57: 0
A58: 57 | B58: BURGER MANIA | C58: 45948 | D58: 0.9625 | E58: Sat | F58: October | G58: 2025 | H58: Delivery | I58: Order #po31-2542-7vhp | J58: 381 | K58: 1x Beef Burger, | L58: 1x Chicken Burger | M58: - | N58: {=SUMPRODUCT(--(TRIM(K58:M58)<>"-")*(TRIM(K58:M58)<>"")*(ISTEXT(K58:M58)))} -> 2 | O58: Beef Burger | P58: {=IFERROR(INDEX('Cuisine Mapping'!$B$2:$B$71, MATCH(TRUE, ISNUMBER(SEARCH('Cuisine Mapping'!$A$2:$A$71,foodpanda_orders!$O58)),0)),"Others")} -> American/Fast Food | Q58: 0
A59: 58 | B59: BURGEROGRAPHY | C59: 45945 | D59: 0.99375 | E59: Wed | F59: October | G59: 2025 | H59: Delivery | I59: Order #bymi-2542-yrni | J59: 304 | K59: 1x Chicken Delight Burger | L59: - | M59: - | N59: {=SUMPRODUCT(--(TRIM(K59:M59)<>"-")*(TRIM(K59:M59)<>"")*(ISTEXT(K59:M59)))} -> 1 | O59: Chicken Delight Burger | P59: {=IFERROR(INDEX('Cuisine Mapping'!$B$2:$B$71, MATCH(TRUE, ISNUMBER(SEARCH('Cuisine Mapping'!$A$2:$A$71,foodpanda_orders!$O59)),0)),"Others")} -> American/Fast Food | Q59: 0
A60: 59 | B60: SECRET RECIPE (STANDARD) | C60: 45937 | D60: 0.90902778 | E60: Tue | F60: October | G60: 2025 | H60: Delivery | I60: Order #x3df-2541-27ji | J60: 322 | K60: 1x Chocolate Indulgence (Mega) - Slice | L60: - | M60: - | N60: {=SUMPRODUCT(--(TRIM(K60:M60)<>"-")*(TRIM(K60:M60)<>"")*(ISTEXT(K60:M60)))} -> 1 | O60: Chocolate Indulgence (Mega) - Slice | P60: {=IFERROR(INDEX('Cuisine Mapping'!$B$2:$B$71, MATCH(TRUE, ISNUMBER(SEARCH('Cuisine Mapping'!$A$2:$A$71,foodpanda_orders!$O60)),0)),"Others")} -> Dessert/Bakery | Q60: 0
A61: 60 | B61: PANDAMART | C61: 45937 | D61: 0.90277778 | E61: Tue | F61: October | G61: 2025 | H61: Delivery | I61: Order #n7ph-2541-o4i9 | J61: 616 | K61: 1x Chopstick Ramen Hot Cheese 8 Pieces Pack 640g | L61: - | M61: - | N61: {=SUMPRODUCT(--(TRIM(K61:M61)<>"-")*(TRIM(K61:M61)<>"")*(ISTEXT(K61:M61)))} -> 1 | O61: Chopstick Ramen Hot Cheese 8 Pieces Pack 640g | P61: {=IFERROR(INDEX('Cuisine Mapping'!$B$2:$B$71, MATCH(TRUE, ISNUMBER(SEARCH('Cuisine Mapping'!$A$2:$A$71,foodpanda_orders!$O61)),0)),"Others")} -> East Asian | Q61: 0
... A66: 65 | B66: TEHARI GHAR + | C66: 45909 | D66: 0.93611111 | E66: Tue | F66: September | G66: 2025 | H66: Delivery | I66: Order #p5fz-2537-wv02 | J66: 227 | K66: 1x Beef Tehari | L66: - | M66: - | N66: {=SUMPRODUCT(--(TRIM(K66:M66)<>"-")*(TRIM(K66:M66)<>"")*(ISTEXT(K66:M66)))} -> 1 | O66: Beef Tehari | P66: {=IFERROR(INDEX('Cuisine Mapping'!$B$2:$B$71, MATCH(TRUE, ISNUMBER(SEARCH('Cuisine Mapping'!$A$2:$A$71,foodpanda_orders!$O66)),0)),"Others")} -> Bengali/Desi | Q66: 0
A67: 66 | B67: RICE & MORE | C67: 45906 | D67: 0.925 | E67: Sat | F67: September | G67: 2025 | H67: Delivery | I67: Order #waua-2536-5dra | J67: 547 | K67: 2x BBQ Chicken Rice Platter | L67: - | M67: - | N67: {=SUMPRODUCT(--(TRIM(K67:M67)<>"-")*(TRIM(K67:M67)<>"")*(ISTEXT(K67:M67)))} -> 1 | O67: BBQ Chicken Rice Platter | P67: Bengali/Desi | Q67: 0
A68: 67 | B68: AMERICAN BURGER | C68: 45900 | D68: 0.69236111 | E68: Sun | F68: August | G68: 2025 | H68: Pick-up | I68: Order #s3ma-2535-glgx | J68: 293 | K68: 1x Double Beef Burger | L68: - | M68: - | N68: {=SUMPRODUCT(--(TRIM(K68:M68)<>"-")*(TRIM(K68:M68)<>"")*(ISTEXT(K68:M68)))} -> 1 | O68: Double Beef Burger | P68: {=IFERROR(INDEX('Cuisine Mapping'!$B$2:$B$71, MATCH(TRUE, ISNUMBER(SEARCH('Cuisine Mapping'!$A$2:$A$71,foodpanda_orders!$O68)),0)),"Others")} -> American/Fast Food | Q68: 0
A69: 68 | B69: O BHAI KACCHI | C69: 45899 | D69: 0.00625 | E69: Sat | F69: August | G69: 2025 | H69: Delivery | I69: Order #yeua-2535-kuv7 | J69: 334 | K69: 2x Morog Polao with Egg | L69: - | M69: - | N69: {=SUMPRODUCT(--(TRIM(K69:M69)<>"-")*(TRIM(K69:M69)<>"")*(ISTEXT(K69:M69)))} -> 1 | O69: Morog Polao with Egg | P69: {=IFERROR(INDEX('Cuisine Mapping'!$B$2:$B$71, MATCH(TRUE, ISNUMBER(SEARCH('Cuisine Mapping'!$A$2:$A$71,foodpanda_orders!$O69)),0)),"Others")} -> Bengali/Desi | Q69: 0
A70: 69 | B70: GOLDEN PIZZA HOUSE | C70: 45892 | D70: 0.925 | E70: Sat | F70: August | G70: 2025 | H70: Delivery | I70: Order #t6qy-2534-rknf | J70: 703 | K70: 1x BBQ Smokey Pizza, | L70: 1x Cheese Pepperoni Pizza | M70: - | N70: {=SUMPRODUCT(--(TRIM(K70:M70)<>"-")*(TRIM(K70:M70)<>"")*(ISTEXT(K70:M70)))} -> 2 | O70: BBQ Smokey Pizza | P70: {=IFERROR(INDEX('Cuisine Mapping'!$B$2:$B$71, MATCH(TRUE, ISNUMBER(SEARCH('Cuisine Mapping'!$A$2:$A$71,foodpanda_orders!$O70)),0)),"Others")} -> Italian/Pizza | Q70: 0
A71: 70 | B71: MR. PIZZA | C71: 45887 | D71: 0.89236111 | E71: Mon | F71: August | G71: 2025 | H71: Delivery | I71: Order #t3da-2534-m38r | J71: 638 | K71: 1x Four Seasons Pizza, | L71: 1x Supreme Pizza | M71: - | N71: {=SUMPRODUCT(--(TRIM(K71:M71)<>"-")*(TRIM(K71:M71)<>"")*(ISTEXT(K71:M71)))} -> 2 | O71: Four Seasons Pizza | P71: {=IFERROR(INDEX('Cuisine Mapping'!$B$2:$B$71, MATCH(TRUE, ISNUMBER(SEARCH('Cuisine Mapping'!$A$2:$A$71,foodpanda_orders!$O71)),0)),"Others")} -> Italian/Pizza | Q71: 0
A72: 71 | B72: NISSIN RAMEN BAR | C72: 45879 | D72: 0.65208333 | E72: Sun | F72: August | G72: 2025 | H72: Pick-up | I72: Order #aiup-2532-qm2d | J72: 342 | K72: 4x Nissin Gekikara Ramen Pass Hot Carbo - 81 gm | L72: - | M72: - | N72: {=SUMPRODUCT(--(TRIM(K72:M72)<>"-")*(TRIM(K72:M72)<>"")*(ISTEXT(K72:M72)))} -> 1 | O72: Nissin Gekikara Ramen Pass Hot Carbo - 81 gm | P72: {=IFERROR(INDEX('Cuisine Mapping'!$B$2:$B$71, MATCH(TRUE, ISNUMBER(SEARCH('Cuisine Mapping'!$A$2:$A$71,foodpanda_orders!$O72)),0)),"Others")} -> East Asian | Q72: 0
A73: 72 | B73: NISSIN RAMEN BAR | C73: 45876 | D73: 0.63541667 | E73: Thu | F73: August | G73: 2025 | H73: Pick-up | I73: Order #aiup-2532-i6li | J73: 171 | K73: 2x Nissin Gekikara Ramen Pass Hot Carbo - 81 gm | L73: - | M73: - | N73: {=SUMPRODUCT(--(TRIM(K73:M73)<>"-")*(TRIM(K73:M73)<>"")*(ISTEXT(K73:M73)))} -> 1 | O73: Nissin Gekikara Ramen Pass Hot Carbo - 81 gm | P73: {=IFERROR(INDEX('Cuisine Mapping'!$B$2:$B$71, MATCH(TRUE, ISNUMBER(SEARCH('Cuisine Mapping'!$A$2:$A$71,foodpanda_orders!$O73)),0)),"Others")} -> East Asian | Q73: 0
A74: 73 | B74: 90'S DHAKA | C74: 45871 | D74: 0.93194444 | E74: Sat | F74: August | G74: 2025 | H74: Delivery | I74: Order #eku5-2531-5n14 | J74: 573 | K74: 1x Fried Prawn, | L74: 1x Shoan Papri, | M74: 1x Prawn Tempura | N74: {=SUMPRODUCT(--(TRIM(K74:M74)<>"-")*(TRIM(K74:M74)<>"")*(ISTEXT(K74:M74)))} -> 3 | O74: Fried Prawn | P74: {=IFERROR(INDEX('Cuisine Mapping'!$B$2:$B$71, MATCH(TRUE, ISNUMBER(SEARCH('Cuisine Mapping'!$A$2:$A$71,foodpanda_orders!$O74)),0)),"Others")} -> Seafood | Q74: 0
A75: 74 | B75: SULTAN'S DINE | C75: 45870 | D75: 0.89444444 | E75: Fri | F75: August | G75: 2025 | H75: Delivery | I75: Order #nkd6-2531-l67g | J75: 628 | K75: 2x Plain Polao with Chicken Roast & Borhani - 1:1, | L75: 1x Jorda | M75: - | N75: {=SUMPRODUCT(--(TRIM(K75:M75)<>"-")*(TRIM(K75:M75)<>"")*(ISTEXT(K75:M75)))} -> 2 | O75: Plain Polao with Chicken Roast & Borhani - 1:1 | P75: {=IFERROR(INDEX('Cuisine Mapping'!$B$2:$B$71, MATCH(TRUE, ISNUMBER(SEARCH('Cuisine Mapping'!$A$2:$A$71,foodpanda_orders!$O75)),0)),"Others")} -> Bengali/Desi | Q75: 0
A76: 75 | B76: PANDAMART | C76: 45867 | D76: 0.85347222 | E76: Tue | F76: July | G76: 2025 | H76: Delivery | I76: Order #vbpl-2531-s7gh | J76: 672 | K76: 28x Lays American Style Cream & Onion 12g, | L76: 2x Bombay Sweets Dalmoth Chanachur 150g, | M76: 5x Pran Dal 25g (Â±5g) | N76: {=SUMPRODUCT(--(TRIM(K76:M76)<>"-")*(TRIM(K76:M76)<>"")*(ISTEXT(K76:M76)))} -> 3 | O76: Lays American Style Cream & Onion 12g | P76: {=IFERROR(INDEX('Cuisine Mapping'!$B$2:$B$71, MATCH(TRUE, ISNUMBER(SEARCH('Cuisine Mapping'!$A$2:$A$71,foodpanda_orders!$O76)),0)),"Others")} -> Others | Q76: 0
A77: 76 | B77: TARKA EXPRESS | C77: 45862 | D77: 0.60833333 | E77: Thu | F77: July | G77: 2025 | H77: Delivery | I77: Order #vgah-2530-0uto | J77: 206 | K77: 1x Quick Meal Alu Paratha Box | L77: - | M77: - | N77: {=SUMPRODUCT(--(TRIM(K77:M77)<>"-")*(TRIM(K77:M77)<>"")*(ISTEXT(K77:M77)))} -> 1 | O77: Quick Meal Alu Paratha Box | P77: {=IFERROR(INDEX('Cuisine Mapping'!$B$2:$B$71, MATCH(TRUE, ISNUMBER(SEARCH('Cuisine Mapping'!$A$2:$A$71,foodpanda_orders!$O77)),0)),"Others")} -> Bengali/Desi | Q77: 0
A78: 77 | B78: BEST FRIED CHICKEN (BFC) | C78: 45860 | D78: 0.58819444 | E78: Tue | F78: July | G78: 2025 | H78: Delivery | I78: Order #u6ys-2530-dj6h | J78: 490 | K78: 1x Spicy Crispy Fried Chicken, | L78: 1x Best Burger, | M78: 1x Coleslaw | N78: {=SUMPRODUCT(--(TRIM(K78:M78)<>"-")*(TRIM(K78:M78)<>"")*(ISTEXT(K78:M78)))} -> 3 | O78: Spicy Crispy Fried Chicken | P78: American/Fast Food | Q78: 0
A79: 78 | B79: SULTAN'S DINE | C79: 45858 | D79: 0.63263889 | E79: Sun | F79: July | G79: 2025 | H79: Delivery | I79: Order #t7ml-2529-zy6e | J79: 539 | K79: 2x Mutton Tehari | L79: - | M79: - | N79: {=SUMPRODUCT(--(TRIM(K79:M79)<>"-")*(TRIM(K79:M79)<>"")*(ISTEXT(K79:M79)))} -> 1 | O79: Mutton Tehari | P79: {=IFERROR(INDEX('Cuisine Mapping'!$B$2:$B$71, MATCH(TRUE, ISNUMBER(SEARCH('Cuisine Mapping'!$A$2:$A$71,foodpanda_orders!$O79)),0)),"Others")} -> Bengali/Desi | Q79: 0
A80: 79 | B80: NISSIN RAMEN BAR | C80: 45855 | D80: 0.60833333 | E80: Thu | F80: July | G80: 2025 | H80: Pick-up | I80: Order #aiup-2529-o2d1 | J80: 630 | K80: 2x (Buy 2 Get 1) Buy 2 Nissin Gekikara Ramen Hot Carbonara 120 gm FREE: One Nissin Gekikara Ramen Hot Carbonara 120 gm | L80: - | M80: - | N80: {=SUMPRODUCT(--(TRIM(K80:M80)<>"-")*(TRIM(K80:M80)<>"")*(ISTEXT(K80:M80)))} -> 1 | O80: One Nissin Gekikara Ramen Hot Carbonara 120 gm | P80: {=IFERROR(INDEX('Cuisine Mapping'!$B$2:$B$71, MATCH(TRUE, ISNUMBER(SEARCH('Cuisine Mapping'!$A$2:$A$71,foodpanda_orders!$O80)),0)),"Others")} -> East Asian | Q80: 0
A81: 80 | B81: PANDAMART | C81: 45846 | D81: 0.72013889 | E81: Tue | F81: July | G81: 2025 | H81: Delivery | I81: Order #vbpl-2528-o4gp | J81: 728 | K81: 2x Mehran Haleem Masala 50g, | L81: 2x Radhuni Halim Mix 200g, | M81: 2x Doodles Korean Ramen 8 Pieces | N81: {=SUMPRODUCT(--(TRIM(K81:M81)<>"-")*(TRIM(K81:M81)<>"")*(ISTEXT(K81:M81)))} -> 3 | O81: Mehran Haleem Masala 50g | P81: {=IFERROR(INDEX('Cuisine Mapping'!$B$2:$B$71, MATCH(TRUE, ISNUMBER(SEARCH('Cuisine Mapping'!$A$2:$A$71,foodpanda_orders!$O81)),0)),"Others")} -> Bengali/Desi | Q81: 0
A82: 81 | B82: PANDAMART | C82: 45843 | D82: 0.86666667 | E82: Sat | F82: July | G82: 2025 | H82: Delivery | I82: Order #n7ph-2527-5h5g | J82: 364 | K82: 2x German Butcher Chicken Sausage Cooked 10 Pieces 300g | L82: - | M82: - | N82: {=SUMPRODUCT(--(TRIM(K82:M82)<>"-")*(TRIM(K82:M82)<>"")*(ISTEXT(K82:M82)))} -> 1 | O82: German Butcher Chicken Sausage Cooked 10 Pieces 300g | P82: American/Fast Food | Q82: 0
A83: 82 | B83: TEHARI GHAR + | C83: 45843 | D83: 0.62152778 | E83: Sat | F83: July | G83: 2025 | H83: Delivery | I83: Order #rl1p-2527-vfb2 | J83: 303 | K83: 1x Beef Tehari | L83: - | M83: - | N83: {=SUMPRODUCT(--(TRIM(K83:M83)<>"-")*(TRIM(K83:M83)<>"")*(ISTEXT(K83:M83)))} -> 1 | O83: Beef Tehari | P83: {=IFERROR(INDEX('Cuisine Mapping'!$B$2:$B$71, MATCH(TRUE, ISNUMBER(SEARCH('Cuisine Mapping'!$A$2:$A$71,foodpanda_orders!$O83)),0)),"Others")} -> Bengali/Desi | Q83: 0
A84: 83 | B84: CHILLOX | C84: 45829 | D84: 0.59444444 | E84: Sat | F84: June | G84: 2025 | H84: Delivery | I84: Order #s3ac-2525-qk43 | J84: 446 | K84: 1x Chicken Cheese Blast, | L84: 1x French Fries | M84: - | N84: {=SUMPRODUCT(--(TRIM(K84:M84)<>"-")*(TRIM(K84:M84)<>"")*(ISTEXT(K84:M84)))} -> 2 | O84: Chicken Cheese Blast | P84: American/Fast Food | Q84: 0
A85: 84 | B85: BEST FRIED CHICKEN (BFC) | C85: 45829 | D85: 0.59444444 | E85: Sat | F85: June | G85: 2025 | H85: Delivery | I85: Order #u0ay-2525-7nht | J85: 399 | K85: 1x Coleslaw - Large, | L85: 1x Chicken Mini Strips - 20 pcs | M85: - | N85: {=SUMPRODUCT(--(TRIM(K85:M85)<>"-")*(TRIM(K85:M85)<>"")*(ISTEXT(K85:M85)))} -> 2 | O85: Coleslaw - Large | P85: {=IFERROR(INDEX('Cuisine Mapping'!$B$2:$B$71, MATCH(TRUE, ISNUMBER(SEARCH('Cuisine Mapping'!$A$2:$A$71,foodpanda_orders!$O85)),0)),"Others")} -> Others | Q85: 0
A86: 85 | B86: SHACK BURGER | C86: 45820 | D86: 0.60138889 | E86: Thu | F86: June | G86: 2025 | H86: Delivery | I86: Order #o8w8-2524-x0mb | J86: 375 | K86: 1x Double Decker Beef Burger | L86: - | M86: - | N86: {=SUMPRODUCT(--(TRIM(K86:M86)<>"-")*(TRIM(K86:M86)<>"")*(ISTEXT(K86:M86)))} -> 1 | O86: Double Decker Beef Burger | P86: {=IFERROR(INDEX('Cuisine Mapping'!$B$2:$B$71, MATCH(TRUE, ISNUMBER(SEARCH('Cuisine Mapping'!$A$2:$A$71,foodpanda_orders!$O86)),0)),"Others")} -> American/Fast Food | Q86: 0
A87: 86 | B87: CHAAP GHOR | C87: 45815 | D87: 0.92013889 | E87: Sat | F87: June | G87: 2025 | H87: Pick-up | I87: Order #s9ek-2523-c9dz | J87: 199 | K87: 1x Chicken Boti Kebab | L87: - | M87: - | N87: {=SUMPRODUCT(--(TRIM(K87:M87)<>"-")*(TRIM(K87:M87)<>"")*(ISTEXT(K87:M87)))} -> 1 | O87: Chicken Boti Kebab | P87: {=IFERROR(INDEX('Cuisine Mapping'!$B$2:$B$71, MATCH(TRUE, ISNUMBER(SEARCH('Cuisine Mapping'!$A$2:$A$71,foodpanda_orders!$O87)),0)),"Others")} -> Kabab/Grill | Q87: 0
A88: 87 | B88: CHAAP GHOR | C88: 45815 | D88: 0.90833333 | E88: Sat | F88: June | G88: 2025 | H88: Pick-up | I88: Order #s9ek-2523-pzuu | J88: 321 | K88: 1x Fried Squid, | L88: 2x Plain Naan | M88: - | N88: {=SUMPRODUCT(--(TRIM(K88:M88)<>"-")*(TRIM(K88:M88)<>"")*(ISTEXT(K88:M88)))} -> 2 | O88: Fried Squid | P88: {=IFERROR(INDEX('Cuisine Mapping'!$B$2:$B$71, MATCH(TRUE, ISNUMBER(SEARCH('Cuisine Mapping'!$A$2:$A$71,foodpanda_orders!$O88)),0)),"Others")} -> Seafood | Q88: 0
A89: 88 | B89: MR.MANIK FOODS | C89: 45810 | D89: 0.89444444 | E89: Mon | F89: June | G89: 2025 | H89: Delivery | I89: Order #s8sf-2523-8le8 | J89: 413 | K89: 1x BBQ Chicken Cheese Burger, | L89: 1x Black Star | M89: - | N89: {=SUMPRODUCT(--(TRIM(K89:M89)<>"-")*(TRIM(K89:M89)<>"")*(ISTEXT(K89:M89)))} -> 2 | O89: BBQ Chicken Cheese Burger | P89: {=IFERROR(INDEX('Cuisine Mapping'!$B$2:$B$71, MATCH(TRUE, ISNUMBER(SEARCH('Cuisine Mapping'!$A$2:$A$71,foodpanda_orders!$O89)),0)),"Others")} -> American/Fast Food | Q89: 0
A90: 89 | B90: SUFI HOUSE | C90: 45809 | D90: 0.6375 | E90: Sun | F90: June | G90: 2025 | H90: Delivery | I90: Order #qbps-2522-8qnb | J90: 353 | K90: 1x Butter Naan, | L90: 1x Plain Naan, | M90: 1x Tandoori Chicken Tikka | N90: {=SUMPRODUCT(--(TRIM(K90:M90)<>"-")*(TRIM(K90:M90)<>"")*(ISTEXT(K90:M90)))} -> 3 | O90: Butter Naan | P90: {=IFERROR(INDEX('Cuisine Mapping'!$B$2:$B$71, MATCH(TRUE, ISNUMBER(SEARCH('Cuisine Mapping'!$A$2:$A$71,foodpanda_orders!$O90)),0)),"Others")} -> Bengali/Desi | Q90: 0
A91: 90 | B91: HELLO HUNGRY RESTAURANT | C91: 45805 | D91: 0.90138889 | E91: Wed | F91: May | G91: 2025 | H91: Delivery | I91: Order #n0z3-2522-ainx | J91: 319 | K91: 1x Grilled Chicken, | L91: 3x Plain Naan, | M91: 1x Shahi Paratha | N91: {=SUMPRODUCT(--(TRIM(K91:M91)<>"-")*(TRIM(K91:M91)<>"")*(ISTEXT(K91:M91)))} -> 3 | O91: Grilled Chicken | P91: {=IFERROR(INDEX('Cuisine Mapping'!$B$2:$B$71, MATCH(TRUE, ISNUMBER(SEARCH('Cuisine Mapping'!$A$2:$A$71,foodpanda_orders!$O91)),0)),"Others")} -> Kabab/Grill | Q91: 0
A92: 91 | B92: ISSA WRAP | C92: 45804 | D92: 0.96388889 | E92: Tue | F92: May | G92: 2025 | H92: Delivery | I92: Order #pukl-2522-xfrg | J92: 352 | K92: 1x Chicken Chedarolla, | L92: 1x Buffalo Chicken Wrap | M92: - | N92: {=SUMPRODUCT(--(TRIM(K92:M92)<>"-")*(TRIM(K92:M92)<>"")*(ISTEXT(K92:M92)))} -> 2 | O92: Chicken Chedarolla | P92: Italian/Pizza | Q92: 0
A93: 92 | B93: PANDAMART | C93: 45802 | D93: 0.76944444 | E93: Sun | F93: May | G93: 2025 | H93: Delivery | I93: Order #vbpl-2521-0yhy | J93: 599 | K93: 1x Chopstick Ramen Hot Cheese 8 Pieces Pack 640g, | L93: 1x German Butcher Chicken Sausage Cooked 10 Pieces 300g | M93: - | N93: {=SUMPRODUCT(--(TRIM(K93:M93)<>"-")*(TRIM(K93:M93)<>"")*(ISTEXT(K93:M93)))} -> 2 | O93: Chopstick Ramen Hot Cheese 8 Pieces Pack 640g | P93: {=IFERROR(INDEX('Cuisine Mapping'!$B$2:$B$71, MATCH(TRUE, ISNUMBER(SEARCH('Cuisine Mapping'!$A$2:$A$71,foodpanda_orders!$O93)),0)),"Others")} -> East Asian | Q93: 0
A94: 93 | B94: BURGER LAB | C94: 45800 | D94: 0.9375 | E94: Fri | F94: May | G94: 2025 | H94: Delivery | I94: Order #xxas-2521-utqj | J94: 1153 | K94: 2x Spice & Honey Mustard, | L94: 1x Cheese Inside, | M94: 1x The Big Beef | N94: {=SUMPRODUCT(--(TRIM(K94:M94)<>"-")*(TRIM(K94:M94)<>"")*(ISTEXT(K94:M94)))} -> 3 | O94: Spice & Honey Mustard | P94: American/Fast Food | Q94: 0
A95: 94 | B95: TEHARI GHAR + | C95: 45798 | D95: 0.89444444 | E95: Wed | F95: May | G95: 2025 | H95: Delivery | I95: Order #p5fz-2521-hgsh | J95: 1022 | K95: 5x Beef Tehari | L95: - | M95: - | N95: {=SUMPRODUCT(--(TRIM(K95:M95)<>"-")*(TRIM(K95:M95)<>"")*(ISTEXT(K95:M95)))} -> 1 | O95: Beef Tehari | P95: {=IFERROR(INDEX('Cuisine Mapping'!$B$2:$B$71, MATCH(TRUE, ISNUMBER(SEARCH('Cuisine Mapping'!$A$2:$A$71,foodpanda_orders!$O95)),0)),"Others")} -> Bengali/Desi | Q95: 0
A96: 95 | B96: THE PLATES | C96: 45797 | D96: 0.60763889 | E96: Tue | F96: May | G96: 2025 | H96: Delivery | I96: Order #ufr5-2521-9hux | J96: 410 | K96: 1x Signature Plate 4 | L96: - | M96: - | N96: {=SUMPRODUCT(--(TRIM(K96:M96)<>"-")*(TRIM(K96:M96)<>"")*(ISTEXT(K96:M96)))} -> 1 | O96: Signature Plate 4 | P96: {=IFERROR(INDEX('Cuisine Mapping'!$B$2:$B$71, MATCH(TRUE, ISNUMBER(SEARCH('Cuisine Mapping'!$A$2:$A$71,foodpanda_orders!$O96)),0)),"Others")} -> Others | Q96: 0
A97: 96 | B97: MADCHEF | C97: 45795 | D97: 0.98055556 | E97: Sun | F97: May | G97: 2025 | H97: Delivery | I97: Order #s9vx-2520-9bpo | J97: 332 | K97: 1x Garlic Gyro Chicken Wrap, | L97: 1x Velvet Mushroom Wrap, | M97: 1x Salt & Pepper Fries | N97: {=SUMPRODUCT(--(TRIM(K97:M97)<>"-")*(TRIM(K97:M97)<>"")*(ISTEXT(K97:M97)))} -> 3 | O97: Garlic Gyro Chicken Wrap | P97: {=IFERROR(INDEX('Cuisine Mapping'!$B$2:$B$71, MATCH(TRUE, ISNUMBER(SEARCH('Cuisine Mapping'!$A$2:$A$71,foodpanda_orders!$O97)),0)),"Others")} -> Middle Eastern | Q97: 0
A98: 97 | B98: MR.MANIK FOODS | C98: 45792 | D98: 0.87638889 | E98: Thu | F98: May | G98: 2025 | H98: Delivery | I98: Order #s8sf-2520-iku5 | J98: 382 | K98: 1x BBQ Chicken Nachos, | L98: 1x Chicken Nachos | M98: - | N98: {=SUMPRODUCT(--(TRIM(K98:M98)<>"-")*(TRIM(K98:M98)<>"")*(ISTEXT(K98:M98)))} -> 2 | O98: BBQ Chicken Nachos | P98: {=IFERROR(INDEX('Cuisine Mapping'!$B$2:$B$71, MATCH(TRUE, ISNUMBER(SEARCH('Cuisine Mapping'!$A$2:$A$71,foodpanda_orders!$O98)),0)),"Others")} -> American/Fast Food | Q98: 0
A99: 98 | B99: SAUSLY'S FOODS | C99: 45791 | D99: 0.89236111 | E99: Wed | F99: May | G99: 2025 | H99: Delivery | I99: Order #u4fr-2520-9vy0 | J99: 479 | K99: 1x Smoked Chicken sandwich, | L99: 1x Hunter Beef Sandwich | M99: - | N99: {=SUMPRODUCT(--(TRIM(K99:M99)<>"-")*(TRIM(K99:M99)<>"")*(ISTEXT(K99:M99)))} -> 2 | O99: Smoked Chicken sandwich | P99: {=IFERROR(INDEX('Cuisine Mapping'!$B$2:$B$71, MATCH(TRUE, ISNUMBER(SEARCH('Cuisine Mapping'!$A$2:$A$71,foodpanda_orders!$O99)),0)),"Others")} -> American/Fast Food | Q99: 0
A100: 99 | B100: ISSA WRAP | C100: 45789 | D100: 0.97013889 | E100: Mon | F100: May | G100: 2025 | H100: Delivery | I100: Order #pukl-2520-8r8e | J100: 356 | K100: 1x Chicken Chedarolla, | L100: 1x Crazy Saus-Age | M100: - | N100: {=SUMPRODUCT(--(TRIM(K100:M100)<>"-")*(TRIM(K100:M100)<>"")*(ISTEXT(K100:M100)))} -> 2 | O100: Chicken Chedarolla | P100: Italian/Pizza | Q100: 0
A101: 100 | B101: JACKSON'S FRIED CHICKEN | C101: 45787 | D101: 0.61875 | E101: Sat | F101: May | G101: 2025 | H101: Delivery | I101: Order #q6zd-2519-tft4 | J101: 377 | K101: 1x OG Pop Rice meal Box, | L101: 1x Coleslaw | M101: - | N101: {=SUMPRODUCT(--(TRIM(K101:M101)<>"-")*(TRIM(K101:M101)<>"")*(ISTEXT(K101:M101)))} -> 2 | O101: OG Pop Rice meal Box | P101: {=IFERROR(INDEX('Cuisine Mapping'!$B$2:$B$71, MATCH(TRUE, ISNUMBER(SEARCH('Cuisine Mapping'!$A$2:$A$71,foodpanda_orders!$O101)),0)),"Others")} -> Rice Bowls | Q101: 0
A102: 101 | B102: CHAAP GHOR | C102: 45782 | D102: 0.9 | E102: Mon | F102: May | G102: 2025 | H102: Delivery | I102: Order #s9ek-2519-3i56 | J102: 333 | K102: 1x Chicken Butter Masala, | L102: 2x Plain Naan | M102: - | N102: {=SUMPRODUCT(--(TRIM(K102:M102)<>"-")*(TRIM(K102:M102)<>"")*(ISTEXT(K102:M102)))} -> 2 | O102: Chicken Butter Masala | P102: {=IFERROR(INDEX('Cuisine Mapping'!$B$2:$B$71, MATCH(TRUE, ISNUMBER(SEARCH('Cuisine Mapping'!$A$2:$A$71,foodpanda_orders!$O102)),0)),"Others")} -> Bengali/Desi | Q102: 2
A103: 102 | B103: CRISP | C103: 45775 | D103: 0.80972222 | E103: Mon | F103: April | G103: 2025 | H103: Delivery | I103: Order #udv6-2518-fkui | J103: 645 | K103: 1x Hot & Lemon Chicken Rice Bowl, | L103: 1x Crispy Chicken Rice Bowl | M103: - | N103: {=SUMPRODUCT(--(TRIM(K103:M103)<>"-")*(TRIM(K103:M103)<>"")*(ISTEXT(K103:M103)))} -> 2 | O103: Hot & Lemon Chicken Rice Bowl | P103: {=IFERROR(INDEX('Cuisine Mapping'!$B$2:$B$71, MATCH(TRUE, ISNUMBER(SEARCH('Cuisine Mapping'!$A$2:$A$71,foodpanda_orders!$O103)),0)),"Others")} -> Rice Bowls | Q103: 3
A104: 103 | B104: TBC | C104: 45773 | D104: 0.91736111 | E104: Sat | F104: April | G104: 2025 | H104: Delivery | I104: Order #mv3u-2517-7msj | J104: 867 | K104: 1x ASSORTED MAKI PLATTER | L104: - | M104: - | N104: {=SUMPRODUCT(--(TRIM(K104:M104)<>"-")*(TRIM(K104:M104)<>"")*(ISTEXT(K104:M104)))} -> 1 | O104: ASSORTED MAKI PLATTER | P104: {=IFERROR(INDEX('Cuisine Mapping'!$B$2:$B$71, MATCH(TRUE, ISNUMBER(SEARCH('Cuisine Mapping'!$A$2:$A$71,foodpanda_orders!$O104)),0)),"Others")} -> East Asian | Q104: 3
A105: 104 | B105: CHICKEN BUZZ | C105: 45768 | D105: 0.92013889 | E105: Mon | F105: April | G105: 2025 | H105: Delivery | I105: Order #uphj-2517-mmng | J105: 364 | K105: 1x Crispy Chicken Burger - Large, | L105: 1x Regular Crispy Chicken Burger | M105: - | N105: {=SUMPRODUCT(--(TRIM(K105:M105)<>"-")*(TRIM(K105:M105)<>"")*(ISTEXT(K105:M105)))} -> 2 | O105: Crispy Chicken Burger - Large | P105: {=IFERROR(INDEX('Cuisine Mapping'!$B$2:$B$71, MATCH(TRUE, ISNUMBER(SEARCH('Cuisine Mapping'!$A$2:$A$71,foodpanda_orders!$O105)),0)),"Others")} -> American/Fast Food | Q105: 3
...

Sheet Cuisine Mapping
A1: Keyword | B1: Cuisine
A2: khichuri | B2: Bengali/Desi
A3: kacchi | B3: Bengali/Desi
A4: tehari | B4: Bengali/Desi
A5: polao | B5: Bengali/Desi
A6: morog | B6: Bengali/Desi
A7: haleem | B7: Bengali/Desi
A8: jorda | B8: Bengali/Desi
A9: paratha | B9: Bengali/Desi
A10: parata | B10: Bengali/Desi
A11: chui gosht | B11: Bengali/Desi
A12: karahi | B12: Bengali/Desi
... A71: cola | B71: Beverages
